inoc_time,inoc_ratio,xylan_conc,butanol
60,1,60,1.6342752841
60,1,70,1.6342752841
